timestamp,id,data,values
1650198283,-1,,
1650198283,35,f57ead87ffb24002,SteeringAng=-2.4375
1650198283,16,28999bca008884,BrkPed=0.392157
1650198283,23,60990818118c2312,WheelVelR=4.488. WheelVelL=4.492
1650198283,36,6e179849008ff65c,LatAcc=0.125. LongAcc=-0.3125
1650198283,37,11948949ff68e0,YawRate=-0.456
1650198283,49,a7df08272a9900,TrnsShft=4.0
1650198283,35,d8ca9ce8ffb24007,SteeringAng=-2.4375
1650198283,16,621e48ac008886,BrkPed=0.392157
1650198283,23,52a3d0b91190231b,WheelVelR=4.492. WheelVelL=4.496
1650198283,36,97a13d0a00cff850,LatAcc=0.1875. LongAcc=-0.25
1650198283,37,6ba8774aff7080,YawRate=-0.432
1650198283,35,3e6939a9ffb25ffc,SteeringAng=-2.4375
1650198283,49,e12030c92a9d00,TrnsShft=4.0
1650198283,16,4ef0eecd008880,BrkPed=0.392157
1650198283,23,334a99da11942320,WheelVelR=4.496. WheelVelL=4.5
1650198283,36,b2fe9a0b00cffa54,LatAcc=0.1875. LongAcc=-0.1875
1650198283,37,a6031a2bff70a0,YawRate=-0.432
1650198283,16,0a5809ae008882,BrkPed=0.392157
1650198283,35,e8afc52affb24001,SteeringAng=-2.4375
1650198283,36,35d639cd008ffa58,LatAcc=0.125. LongAcc=-0.1875
1650198283,23,e598db5b11942311,WheelVelR=4.488. WheelVelL=4.5
1650198283,37,ef32574dff70c0,YawRate=-0.432
1650198283,49,0d12dc8a2a9100,TrnsShft=4.0
1650198283,553,b5713e1514c802,VehSpd
1650198283,35,09d42f4bffb24002,SteeringAng=-2.4375
1650198283,16,34ec284f008884,BrkPed=0.392157
1650198283,23,c3bf339c118c2312,WheelVelR=4.488. WheelVelL=4.492
1650198283,36,9f20088e008ffa5c,LatAcc=0.125. LongAcc=-0.1875
1650198283,37,96b19bceff70e0,YawRate=-0.432
1650198283,608,0cb9400000200000,ThrPstn=0.392157
1650198283,49,4b894c4b2a9500,TrnsShft=4.0
1650198283,35,452c680cffb24007,SteeringAng=-2.4375
1650198283,16,fa6e3e30008886,BrkPed=0.392157
1650198283,23,cb8ba99d11942313,WheelVelR=4.488. WheelVelL=4.5
1650198283,36,b3d724ef008ffa50,LatAcc=0.125. LongAcc=-0.1875
1650198283,37,c9e3c9efff7080,YawRate=-0.432
1650198283,49,dcba4dcc2a9900,TrnsShft=4.0
1650198283,35,5680a24dffb24004,SteeringAng=-2.4375
1650198283,16,e7c741d1008880,BrkPed=0.392157
1650198283,23,7c32ac3e118c2310,WheelVelR=4.488. WheelVelL=4.492
1650198283,36,393f3f7000cff854,LatAcc=0.1875. LongAcc=-0.25
1650198283,37,7ae9b6b0ff80a0,YawRate=-0.384
1650198283,35,e75ad3eeffb24001,SteeringAng=-2.4375
1650198283,16,3656a892008882,BrkPed=0.392157
1650198283,49,f17f0fcd2a9d00,TrnsShft=4.0
1650198283,23,d02059ff118c2311,WheelVelR=4.488. WheelVelL=4.492
1650198283,36,acabde71010ff858,LatAcc=0.25. LongAcc=-0.25
1650198283,37,c77d58f1ff80c0,YawRate=-0.384
1650198283,16,66c86c73008884,BrkPed=0.392157
1650198283,35,373ad3efffb05ffe,SteeringAng=-2.5
1650198283,23,7728e56011902312,WheelVelR=4.488. WheelVelL=4.496
1650198283,36,457af45200cff85c,LatAcc=0.1875. LongAcc=-0.25
1650198283,37,877e7832ff80e0,YawRate=-0.384
1650198283,49,cb6294ce2a9100,TrnsShft=4.0
1650198283,35,49b3b5b0ffb24003,SteeringAng=-2.4375
1650198283,16,78e264f4008886,BrkPed=0.392157
1650198283,23,b4672b211190231b,WheelVelR=4.492. WheelVelL=4.496
1650198283,36,170ba3f3008ff850,LatAcc=0.125. LongAcc=-0.25
1650198283,37,1bb92cb3ff7880,YawRate=-0.408
1650198283,49,7bc36ccf2a9500,TrnsShft=4.0
1650198283,35,829af692ffb05ffc,SteeringAng=-2.5
1650198283,16,48a12195008880,BrkPed=0.392157
1650198283,23,5459c9a311942318,WheelVelR=4.492. WheelVelL=4.5
1650198283,36,7aee65d4008ff854,LatAcc=0.125. LongAcc=-0.25
1650198283,37,6bc1ad94ff70a0,YawRate=-0.432
1650198283,49,ec070c502a9900,TrnsShft=4.0
1650198283,35,39d714b3ffb05ffd,SteeringAng=-2.5
1650198283,16,52a507d6008882,BrkPed=0.392157
1650198283,23,e99bb10411902319,WheelVelR=4.492. WheelVelL=4.496
1650198283,36,9df4d81500cffa58,LatAcc=0.1875. LongAcc=-0.1875
1650198283,37,30d57715ff78c0,YawRate=-0.408
1650198283,35,9aac89f4ffb04006,SteeringAng=-2.5
1650198283,16,ef46d2b7008884,BrkPed=0.392157
1650198283,49,4ee510f12a9d00,TrnsShft=4.0
1650198283,23,816049c51184231a,WheelVelR=4.492. WheelVelL=4.484
1650198283,36,8392a31600cffa5c,LatAcc=0.1875. LongAcc=-0.1875
1650198283,37,dac58856ff90e0,YawRate=-0.336
1650198283,16,39a88c58008886,BrkPed=0.392157
1650198283,35,17e9d335ffb05ffb,SteeringAng=-2.5
1650198283,23,747649661188231b,WheelVelR=4.492. WheelVelL=4.488
1650198283,36,8f5fa73700cff850,LatAcc=0.1875. LongAcc=-0.25
1650198283,37,08c394f7ffa080,YawRate=-0.288
1650198283,49,75b2d4922a9100,TrnsShft=4.0
1650198283,553,081157d614ca04,VehSpd=41.578125
1650198283,35,5caee7d6ffb05ffc,SteeringAng=-2.5
1650198283,16,0a7cc999008880,BrkPed=0.392157
1650198283,23,057aaba711802310,WheelVelR=4.488. WheelVelL=4.48
1650198283,36,d5c25b7800cff854,LatAcc=0.1875. LongAcc=-0.25
1650198283,37,ec132d58ff90a0,YawRate=-0.336
1650198283,608,0cb9400000200000,ThrPstn=0.392157
1650198283,49,c1ed55732a9500,TrnsShft=4.0
1650198283,35,c009e137ffae5ff9,SteeringAng=-2.5625
1650198283,16,2aa5acfa008882,BrkPed=0.392157
1650198283,23,8f0d0fc811882311,WheelVelR=4.488. WheelVelL=4.488
1650198283,36,c24ac3d9008ff858,LatAcc=0.125. LongAcc=-0.25
1650198283,37,bcdef079ff70c0,YawRate=-0.432
1650198283,49,861fd3942a9900,TrnsShft=4.0
1650198283,35,d73602b8ffae5ff6,SteeringAng=-2.5625
1650198283,554,d96d744d14c8c0,VSANDP_VehSpdAvgNDrvnAuth=41.5625
1650198283,16,8e9d4b5b008884,BrkPed=0.392157
1650198283,23,80820229118c2322,WheelVelR=4.496. WheelVelL=4.492
1650198283,36,3bf67a7a004ffa5c,LatAcc=0.0625. LongAcc=-0.1875
1650198283,37,b954347aff48e0,YawRate=-0.552
1650198283,35,94fcc319ffae5fff,SteeringAng=-2.5625
1650198283,16,79f109fd008886,BrkPed=0.392157
1650198283,49,467d0bf52a9d00,TrnsShft=4.0
1650198283,23,b07dc3ca11882313,WheelVelR=4.488. WheelVelL=4.488
1650198283,36,dcf8cdbb004ffa50,LatAcc=0.0625. LongAcc=-0.1875
1650198283,37,7898ecfbff3080,YawRate=-0.624
1650198283,16,853eb2fe008880,BrkPed=0.392157
1650198283,35,11ddf9faffac5ffc,SteeringAng=-2.625
1650198283,23,f67c6f6b118c2320,WheelVelR=4.496. WheelVelL=4.492
1650198283,36,98a9fc9c004ff854,LatAcc=0.0625. LongAcc=-0.25
1650198283,37,518b169cff30a0,YawRate=-0.624
1650198283,49,be5e00f62a9100,TrnsShft=4.0
1650198283,16,06e2d03f008882,BrkPed=0.392157
1650198283,35,53c15f9bffac5ffd,SteeringAng=-2.625
1650198283,23,8a4d598c11842329,WheelVelR=4.5. WheelVelL=4.484
1650198283,36,6ca602fe004ff858,LatAcc=0.0625. LongAcc=-0.25
1650198283,37,de3538feff48c0,YawRate=-0.552
1650198283,49,bb998dd72a9500,TrnsShft=4.0
1650198283,644,82980817a170,SPMP_SysPwrModeAuth=4.0
1650198283,35,5effe73cffaa5ffa,SteeringAng=-2.6875
1650198283,16,16d74460008884,BrkPed=0.392157
1650198283,23,aa6560cd118c2312,WheelVelR=4.488. WheelVelL=4.492
1650198283,36,732634bf008ff65c,LatAcc=0.125. LongAcc=-0.3125
1650198283,37,56d4d6dfff58e0,YawRate=-0.504
1650198283,49,e1aadc182a9900,TrnsShft=4.0
1650198283,35,74b9d87dffa85ffb,SteeringAng=-2.75
1650198283,16,8511caa1008886,BrkPed=0.392157
1650198283,23,60b1682e118c232b,WheelVelR=4.5. WheelVelL=4.492
1650198283,36,35b39ca0008ff650,LatAcc=0.125. LongAcc=-0.3125
1650198283,37,ed18bf80ff6080,YawRate=-0.48
1650198283,35,c63720feffa85ff0,SteeringAng=-2.75
1650198283,16,6b2136c2008880,BrkPed=0.392157
1650198283,49,da3f897a2a9d00,TrnsShft=4.0
1650198283,23,c433fd8f118c2310,WheelVelR=4.488. WheelVelL=4.492
1650198283,36,612446e1008ffa54,LatAcc=0.125. LongAcc=-0.1875
1650198283,37,48743821ff50a0,YawRate=-0.528
1650198283,16,76dd8ec3008882,BrkPed=0.392157
1650198283,35,7be3e9bfffa85fed,SteeringAng=-2.75
1650198283,23,9e7941b0118c2319,WheelVelR=4.492. WheelVelL=4.492
1650198283,36,39a8d142008ffc58,LatAcc=0.125. LongAcc=-0.125
1650198283,37,cf822522ff48c0,YawRate=-0.552
1650198283,49,1f0292bb2a9100,TrnsShft=4.0
1650198283,553,cbc51b5714ca06,VehSpd=41.578125
1650198283,35,965808a0ffa85ff2,SteeringAng=-2.75
1650198283,16,eb575ec4008884,BrkPed=0.392157
1650198283,23,9f904ad1118c231a,WheelVelR=4.492. WheelVelL=4.492
1650198283,36,a2b78743004ffc5c,LatAcc=0.0625. LongAcc=-0.125
1650198283,37,1644bec3ff48e0,YawRate=-0.552
1650198283,608,0cb9400000200000,ThrPstn=0.392157
1650198283,49,e7fbc8fc2a9500,TrnsShft=4.0
1650198283,35,777a2a61ffa65ff7,SteeringAng=-2.8125
1650198283,16,45c55da5008886,BrkPed=0.392157
1650198283,23,d67a97f2118c2303,WheelVelR=4.48. WheelVelL=4.492
1650198283,36,2cf1d0c4004ffa50,LatAcc=0.0625. LongAcc=-0.1875
1650198283,37,e37adee4ff5080,YawRate=-0.528
1650198283,49,ba67897d2a9900,TrnsShft=4.0
1650198283,35,4bea8023ffa45ff0,SteeringAng=-2.875
1650198283,16,f2bd14e6008880,BrkPed=0.392157
1650198283,23,0909fd7411882310,WheelVelR=4.488. WheelVelL=4.488
1650198283,36,87271f05008ff854,LatAcc=0.125. LongAcc=-0.25
1650198283,37,fafdcee5ff68a0,YawRate=-0.456
1650198283,35,655a7344ffa05ff5,SteeringAng=-3.0
1650198283,49,61ef381e2a9d00,TrnsShft=4.0
1650198283,16,69ed95c7008882,BrkPed=0.392157
1650198283,23,253066d511842309,WheelVelR=4.484. WheelVelL=4.484
1650198283,36,a47382c600cff658,LatAcc=0.1875. LongAcc=-0.3125
1650198283,37,4070d4a6ff70c0,YawRate=-0.432
1650198283,35,c5bf75c5ff9c5ff6,SteeringAng=-3.125
1650198283,16,f5613008008884,BrkPed=0.392157
1650198283,23,55b683561188230a,WheelVelR=4.484. WheelVelL=4.488
1650198283,36,92c947a700cff65c,LatAcc=0.1875. LongAcc=-0.3125
1650198283,37,24a196a7ff70e0,YawRate=-0.432
1650198283,49,dd481c1f2a9100,TrnsShft=4.0
1650198283,35,be1dba26ff9c5fef,SteeringAng=-3.125
1650198283,16,b35a54a9008886,BrkPed=0.392157
1650198283,23,eba302371188231b,WheelVelR=4.492. WheelVelL=4.488
1650198283,36,14a3a0e8008ff650,LatAcc=0.125. LongAcc=-0.3125
1650198283,37,745621c8ff7080,YawRate=-0.432
1650198283,49,14ac4ac02a9500,TrnsShft=4.0
1650198283,35,37885827ff9a5fe8,SteeringAng=-3.1875
1650198283,16,3a482fca008880,BrkPed=0.392157
1650198283,23,de5a187811902300,WheelVelR=4.48. WheelVelL=4.496
1650198283,36,89411be9004ff854,LatAcc=0.0625. LongAcc=-0.25
1650198283,37,0edcad09ff68a0,YawRate=-0.456
1650198283,49,41317c812a9900,TrnsShft=4.0
1650198283,35,3b91d848ff985ffd,SteeringAng=-3.25
1650198283,16,899ba50b008882,BrkPed=0.392157
1650198283,23,9965f5f9118c2311,WheelVelR=4.488. WheelVelL=4.492
1650198283,36,dba2438a000ffa58,LatAcc=0.0. LongAcc=-0.1875
1650198283,37,71e27c0aff60c0,YawRate=-0.48
1650198283,35,232690a9ff965ffe,SteeringAng=-3.3125
1650198283,16,64b1c84c008884,BrkPed=0.392157
1650198283,49,5978d3022a9d00,TrnsShft=4.0
1650198283,23,08fd5eda118c230a,WheelVelR=4.484. WheelVelL=4.492
1650198283,36,c2f8898b000ffa5c,LatAcc=0.0. LongAcc=-0.1875
1650198283,37,fe207ccbff58e0,YawRate=-0.504
1650198283,35,9827544aff944003,SteeringAng=-3.375
1650198283,16,e9ba37ce008886,BrkPed=0.392157
1650198283,23,c85ab53b11882313,WheelVelR=4.488. WheelVelL=4.488
1650198283,36,bae1436c004ffa50,LatAcc=0.0625. LongAcc=-0.1875
1650198283,37,3e8b734cff6080,YawRate=-0.48
1650198283,49,2c2e7d832a9100,TrnsShft=4.0
1650198283,553,f6a842f814ca00,VehSpd=41.578125
1650198283,35,bab8a88bff944004,SteeringAng=-3.375
1650198283,16,20589f0f008880,BrkPed=0.392157
1650198283,23,70dea07c11802310,WheelVelR=4.488. WheelVelL=4.48
1650198283,36,b754758d004ff854,LatAcc=0.0625. LongAcc=-0.25
1650198283,37,333b62adff60a0,YawRate=-0.48
1650198283,608,0cb9400000200000,ThrPstn=0.392157
1650198283,49,a60019842a9500,TrnsShft=4.0
1650198283,35,c0f8e20cff924001,SteeringAng=-3.4375
1650198283,16,ab14e2f0008882,BrkPed=0.392157
1650198283,23,ba66df7d118c2311,WheelVelR=4.488. WheelVelL=4.492
1650198283,36,4c61adcf008ff858,LatAcc=0.125. LongAcc=-0.25
1650198283,37,2a41ec8fff58c0,YawRate=-0.504
1650198283,49,27f212052a9900,TrnsShft=4.0
1650198283,35,59bf408dff925ffa,SteeringAng=-3.4375
1650198283,16,fa0efab1008884,BrkPed=0.392157
1650198283,23,be19d69e1188231a,WheelVelR=4.492. WheelVelL=4.488
1650198283,36,59715b3000cff85c,LatAcc=0.1875. LongAcc=-0.25
1650198283,37,7a399890ff50e0,YawRate=-0.528
1650198283,35,f03a934eff925ffb,SteeringAng=-3.4375
1650198283,16,cb8297b2008886,BrkPed=0.392157
1650198283,49,7eae69a62a9d00,TrnsShft=4.0
1650198283,23,59f7fa1f11802323,WheelVelR=4.496. WheelVelL=4.48
1650198283,36,4e081a91008ff850,LatAcc=0.125. LongAcc=-0.25
1650198283,37,c6a8f971ff4880,YawRate=-0.552
1650198283,35,274c89cfff925ffc,SteeringAng=-3.4375
1650198283,16,ddcf07b3008880,BrkPed=0.392157
1650198283,23,857218a011842308,WheelVelR=4.484. WheelVelL=4.484
1650198283,36,4c491b72008ffa54,LatAcc=0.125. LongAcc=-0.1875
1650198283,37,543b7ad2ff40a0,YawRate=-0.576
1650198283,49,cc1807072a9100,TrnsShft=4.0
1650198283,35,8dbbb350ff905ffd,SteeringAng=-3.5
1650198283,16,682256d4008882,BrkPed=0.392157
1650198283,23,6e83fd8111802319,WheelVelR=4.492. WheelVelL=4.48
1650198283,36,de0ce553004ffc58,LatAcc=0.0625. LongAcc=-0.125
1650198283,37,9e9c1f93ff48c0,YawRate=-0.552
1650198283,49,5bc37a682a9500,TrnsShft=4.0
1650198283,35,975aadb1ff905ffe,SteeringAng=-3.5
1650198283,16,68303e55008884,BrkPed=0.392157
1650198283,23,f8de69c211802312,WheelVelR=4.488. WheelVelL=4.48
1650198283,36,116327b4004ffc5c,LatAcc=0.0625. LongAcc=-0.125
1650198283,37,3fe21354ff58e0,YawRate=-0.504
1650198283,49,76284fc92a9900,TrnsShft=4.0
1650198283,554,94b2c44e14bc00,VSANDP_VehSpdAvgNDrvnAuth=41.468754
1650198283,35,d1100e92ff904007,SteeringAng=-3.5
1650198283,16,f7fcf696008886,BrkPed=0.392157
1650198283,23,7c250ce3118c2313,WheelVelR=4.488. WheelVelL=4.492
1650198283,36,3d7decb5008ffa50,LatAcc=0.125. LongAcc=-0.1875
1650198283,37,fa7bcef5ff6080,YawRate=-0.48
1650198283,35,c2aab374ff90400c,SteeringAng=-3.5
1650198283,49,e1f353eb2a9d00,TrnsShft=4.0
1650198283,16,200cfcd7008880,BrkPed=0.392157
1650198283,23,547e5e0511882300,WheelVelR=4.48. WheelVelL=4.488
1650198283,36,c45bd9d6008ff854,LatAcc=0.125. LongAcc=-0.25
1650198283,37,4094f716ff50a0,YawRate=-0.528
1650198283,35,c5384cd5ff8e400d,SteeringAng=-3.5625
1650198283,16,984e3418008882,BrkPed=0.392157
1650198283,36,7f5dfb77004ff858,LatAcc=0.0625. LongAcc=-0.25
1650198283,23,5588ff8611882319,WheelVelR=4.492. WheelVelL=4.488
1650198283,37,523e5477ff38c0,YawRate=-0.6
1650198283,49,29221b4c2a9100,TrnsShft=4.0
1650198283,553,b0b1e71914be02,VehSpd=41.484375
1650198284,35,00c34fb6ff8e4006,SteeringAng=-3.5625
1650198284,16,22d3b8f9008884,BrkPed=0.392157
1650198284,23,9262d2c7118c230a,WheelVelR=4.484. WheelVelL=4.492
1650198284,36,5e0954f8000ff85c,LatAcc=0.0. LongAcc=-0.25
1650198284,37,b5793838ff28e0,YawRate=-0.648
1650198284,608,0cb9400000200000,ThrPstn=0.392157
1650198284,49,d1a22f6d2a9500,TrnsShft=4.0
1650198284,644,24d48d38a260,SPMP_SysPwrModeAuth=4.0
1650198284,35,78535ed7ff8e400b,SteeringAng=-3.5625
1650198284,16,daa3dbba008886,BrkPed=0.392157
1650198284,23,e10dc8c8118c22fb,WheelVelR=4.476. WheelVelL=4.492
1650198284,36,361d8619000ffa50,LatAcc=0.0. LongAcc=-0.1875
1650198284,37,c27ece99ff2080,YawRate=-0.672
1650198284,49,d8cca0ee2a9900,TrnsShft=4.0
1650198284,35,a31d3918ff8e5ffc,SteeringAng=-3.5625
1650198284,16,c0ca8c3b008880,BrkPed=0.392157
1650198284,23,ab89b629118c2308,WheelVelR=4.484. WheelVelL=4.492
1650198284,36,98c364ba000ffc54,LatAcc=0.0. LongAcc=-0.125
1650198284,37,4915cabaff30a0,YawRate=-0.624
1650198284,35,16bf09b9ff8e4009,SteeringAng=-3.5625
1650198284,16,d5da953c008882,BrkPed=0.392157
1650198284,49,9b69538f2a9d00,TrnsShft=4.0
1650198284,23,3768206a118c2309,WheelVelR=4.484. WheelVelL=4.492
1650198284,36,f35379fb000ffa58,LatAcc=0.0. LongAcc=-0.1875
1650198284,37,f0d4477bff40c0,YawRate=-0.576
1650198284,35,857c435aff8e400a,SteeringAng=-3.5625
1650198284,16,4dfa171d008884,BrkPed=0.392157
1650198284,23,e6f011eb118c2302,WheelVelR=4.48. WheelVelL=4.492
1650198284,36,a75f059c000ff85c,LatAcc=0.0. LongAcc=-0.25
1650198284,37,1624669cff40e0,YawRate=-0.576
1650198284,49,55aebf302a9100,TrnsShft=4.0
1650198284,35,433eb7bbff8e400b,SteeringAng=-3.5625
1650198284,16,2bcb183f008886,BrkPed=0.392157
1650198284,23,84d81a0c118022fb,WheelVelR=4.476. WheelVelL=4.48
1650198284,36,14cfd41d004ff650,LatAcc=0.0625. LongAcc=-0.3125
1650198284,37,900cadfdff4080,YawRate=-0.576
1650198284,49,d5c927f12a9500,TrnsShft=4.0
1650198284,35,93b0aabcff8e4008,SteeringAng=-3.5625
1650198284,16,960dd9e0008880,BrkPed=0.392157
1650198284,23,e7c53e0d118422f0,WheelVelR=4.472. WheelVelL=4.484
1650198284,36,6fb0c5be008ff854,LatAcc=0.125. LongAcc=-0.25
1650198284,37,97c5ad5eff48a0,YawRate=-0.552
1650198284,49,394610f22a9900,TrnsShft=4.0
1650198284,35,e076873dff8e4005,SteeringAng=-3.5625
1650198284,16,3e8c9581008882,BrkPed=0.392157
1650198284,23,7d0d5cae11842301,WheelVelR=4.48. WheelVelL=4.484
1650198284,36,b60bb00000cff858,LatAcc=0.1875. LongAcc=-0.25
1650198284,37,d70d3c80ff48c0,YawRate=-0.552
1650198284,35,4b7c9afeff8e4006,SteeringAng=-3.5625
1650198284,49,7a88f1d32a9d00,TrnsShft=4.0
1650198284,16,d7ce6f62008884,BrkPed=0.392157
1650198284,23,eaa4524f11802302,WheelVelR=4.48. WheelVelL=4.48
1650198284,36,7b415fc100cffa5c,LatAcc=0.1875. LongAcc=-0.1875
1650198284,37,def3b2e1ff58e0,YawRate=-0.504
1650198284,35,5ec844dfff8e4003,SteeringAng=-3.5625
1650198284,16,3d975e63008886,BrkPed=0.392157
1650198284,36,f8e32d82008ffc50,LatAcc=0.125. LongAcc=-0.125
1650198284,23,57118310117c22fb,WheelVelR=4.476. WheelVelL=4.476
1650198284,37,b348df22ff5880,YawRate=-0.504
1650198284,49,508e02342a9100,TrnsShft=4.0
1650198284,553,8ce0fbfa14c204,VehSpd=41.515625
1650198284,35,be75ac00ff8e4000,SteeringAng=-3.5625
1650198284,16,09d9eb64008880,BrkPed=0.392157
1650198284,23,759b039111802300,WheelVelR=4.48. WheelVelL=4.48
1650198284,36,60782d43008ffa54,LatAcc=0.125. LongAcc=-0.1875
1650198284,37,44288603ff50a0,YawRate=-0.528
1650198284,608,0cb9400000200000,ThrPstn=0.392157
1650198284,49,f90ed0952a9500,TrnsShft=4.0
1650198284,35,276c02a1ff8e4001,SteeringAng=-3.5625
1650198284,16,dfa393e5008882,BrkPed=0.392157
1650198284,23,8.77E+15,WheelVelR=4.48. WheelVelL=4.48
1650198284,36,8a94ba64008ff858,LatAcc=0.125. LongAcc=-0.25
1650198284,37,431210e4ff38c0,YawRate=-0.6
1650198284,49,fdd2c7162a9900,TrnsShft=4.0
1650198284,35,33df6b02ff8e4006,SteeringAng=-3.5625
1650198284,16,04abbae6008884,BrkPed=0.392157
1650198284,23,f2931893118022fa,WheelVelR=4.476. WheelVelL=4.48
1650198284,36,1cf00985008ff65c,LatAcc=0.125. LongAcc=-0.3125
1650198284,37,1eae6085ff30e0,YawRate=-0.624
1650198284,35,701c7963ff8e400b,SteeringAng=-3.5625
1650198284,49,a7fac9772a9d00,TrnsShft=4.0
1650198284,16,b3834247008886,BrkPed=0.392157
1650198284,23,494872d4117822fb,WheelVelR=4.476. WheelVelL=4.472
1650198284,36,105df886008ff850,LatAcc=0.125. LongAcc=-0.25
1650198284,37,3f586226ff2080,YawRate=-0.672
1650198284,35,29b940c5ff8e4004,SteeringAng=-3.5625
1650198284,16,2dd06288008880,BrkPed=0.392157
1650198284,23,a7c23c7611782300,WheelVelR=4.48. WheelVelL=4.472
1650198284,36,d4f7e627008ffa54,LatAcc=0.125. LongAcc=-0.1875
1650198284,37,90b55907ff18a0,YawRate=-0.696
1650198284,49,860e83d82a9100,TrnsShft=4.0
1650198284,35,b1639246ff8e4005,SteeringAng=-3.5625
1650198284,16,b69006c9008882,BrkPed=0.392157
1650198284,23,afdfd0f711782301,WheelVelR=4.48. WheelVelL=4.472
1650198284,36,358ec188004ffa58,LatAcc=0.0625. LongAcc=-0.1875
1650198284,37,ee168808ff18c0,YawRate=-0.696
1650198284,49,9f7c24192a9500,TrnsShft=4.0
1650198284,35,dc456307ff8e400a,SteeringAng=-3.5625
1650198284,16,271d94aa008884,BrkPed=0.392157
1650198284,23,0d85da78117422ea,WheelVelR=4.468. WheelVelL=4.468
1650198284,36,fefe8929004ffa5c,LatAcc=0.0625. LongAcc=-0.1875
1650198284,37,ec250189ff20e0,YawRate=-0.672
1650198284,49,f79da49a2a9900,TrnsShft=4.0
1650198284,35,b2058e88ff8e400b,SteeringAng=-3.5625
1650198284,16,f6f70aeb008886,BrkPed=0.392157
1650198284,23,4e658719117c230b,WheelVelR=4.484. WheelVelL=4.476
1650198284,36,3b049eca008ffa50,LatAcc=0.125. LongAcc=-0.1875
1650198284,37,80fb798aff2080,YawRate=-0.672
1650198284,49,cd95767c2a9d00,TrnsShft=4.0
1650198284,35,f0a8de29ff904008,SteeringAng=-3.5
1650198284,16,6dce56ac008880,BrkPed=0.392157
1650198284,23,4dadc9ba118422f0,WheelVelR=4.472. WheelVelL=4.484
1650198284,36,3106b3cb008ffa54,LatAcc=0.125. LongAcc=-0.1875
1650198284,37,c0e9f64bff18a0,YawRate=-0.696
1650198284,35,0feded4aff904005,SteeringAng=-3.5
1650198284,16,a920196d008882,BrkPed=0.392157
1650198284,23,331423fb11802301,WheelVelR=4.48. WheelVelL=4.48
1650198284,36,60915e8c004ffa58,LatAcc=0.0625. LongAcc=-0.1875
1650198284,37,c6c4264cff18c0,YawRate=-0.696
1650198284,49,c086c03d2a9100,TrnsShft=4.0
1650198284,553,fc2e937b14b206,VehSpd=41.390625
1650198284,35,0e9c960bff90400a,SteeringAng=-3.5
1650198284,16,e83439ce008884,BrkPed=0.392157
1650198284,23,57948d1c117c22fa,WheelVelR=4.476. WheelVelL=4.476
1650198284,36,f518438d000ffa5c,LatAcc=0.0. LongAcc=-0.1875
1650198284,37,0766d84dff28e0,YawRate=-0.648
1650198284,608,0cb9400000200000,ThrPstn=0.392157
1650198284,49,8142d39e2a9500,TrnsShft=4.0
1650198284,35,e4352b0cff904013,SteeringAng=-3.5
1650198284,16,cb691f70008886,BrkPed=0.392157
1650198284,23,c8ae275d118022fb,WheelVelR=4.476. WheelVelL=4.48
1650198284,36,ae49eece000ffa50,LatAcc=0.0. LongAcc=-0.1875
1650198284,37,c52e190eff3080,YawRate=-0.624
1650198284,49,c1f03b3f2a9900,TrnsShft=4.0
1650198284,554,a72e028f14b440,VSANDP_VehSpdAvgNDrvnAuth=41.406246
1650198284,35,7fb50a0dff90400c,SteeringAng=-3.5
1650198284,16,649e53f1008880,BrkPed=0.392157
1650198284,23,ab9b283e11802300,WheelVelR=4.48. WheelVelL=4.48
1650198284,36,73ef272f000ff854,LatAcc=0.0. LongAcc=-0.25
1650198284,37,f604514fff30a0,YawRate=-0.624
1650198284,35,cd9c83aeff92400d,SteeringAng=-3.4375
1650198284,49,3d02c4402a9d00,TrnsShft=4.0
1650198284,16,a3f43552008882,BrkPed=0.392157
1650198284,23,2928f61f118822f1,WheelVelR=4.472. WheelVelL=4.488
1650198284,36,49b02631000ff858,LatAcc=0.0. LongAcc=-0.25
1650198284,37,f53355b1ff30c0,YawRate=-0.624
1650198284,35,4df296cfff924012,SteeringAng=-3.4375
1650198284,16,bf7a3ff3008884,BrkPed=0.392157
1650198284,23,1513f240118c2302,WheelVelR=4.48. WheelVelL=4.492
1650198284,36,0910b7f2000ffa5c,LatAcc=0.0. LongAcc=-0.1875
1650198284,37,f07c5812ff28e0,YawRate=-0.648
1650198284,49,277e34812a9100,TrnsShft=4.0
1650198284,35,6647c910ff94400f,SteeringAng=-3.375
1650198284,16,676e3654008886,BrkPed=0.392157
1650198284,23,d82c9fa111982303,WheelVelR=4.48. WheelVelL=4.504
1650198284,36,fb288a93000ffc50,LatAcc=0.0. LongAcc=-0.125
1650198284,37,0d6d5e73ff2880,YawRate=-0.648
1650198284,49,1e148aa22a9500,TrnsShft=4.0
1650198284,644,bbea321aa350,SPMP_SysPwrModeAuth=4.0
1650198284,35,86f99f11ff96400c,SteeringAng=-3.3125
1650198284,16,99017f95008880,BrkPed=0.392157
1650198284,23,839ca4e2119022f0,WheelVelR=4.472. WheelVelL=4.496
1650198284,36,33b5b194000ffa54,LatAcc=0.0. LongAcc=-0.1875
1650198284,37,ff6fe974ff28a0,YawRate=-0.648
1650198284,49,ac98a6032a9900,TrnsShft=4.0
1650198284,35,448cdf52ff964019,SteeringAng=-3.3125
1650198284,16,80e5b4d6008882,BrkPed=0.392157
1650198284,23,9559dda3118022e9,WheelVelR=4.468. WheelVelL=4.48
1650198284,36,96e4a6b5000ffa58,LatAcc=0.0. LongAcc=-0.1875
1650198284,37,5a7c8ff5ff30c0,YawRate=-0.624
1650198284,35,bc247ef3ff98400e,SteeringAng=-3.25
1650198284,16,4e6658d7008884,BrkPed=0.392157
1650198284,49,2a7495642a9d00,TrnsShft=4.0
1650198284,23,56109824117822ea,WheelVelR=4.468. WheelVelL=4.472
1650198284,36,17bf4f76000ffa5c,LatAcc=0.0. LongAcc=-0.1875
1650198284,37,bd637d56ff48e0,YawRate=-0.552
1650198284,35,a1339554ff9a400b,SteeringAng=-3.1875
1650198284,16,12f8bbf8008886,BrkPed=0.392157
1650198284,23,59b8e3c5117422f3,WheelVelR=4.472. WheelVelL=4.468
1650198284,36,ed863337004ff850,LatAcc=0.0625. LongAcc=-0.25
1650198284,37,e0d078d7ff6080,YawRate=-0.48
1650198284,49,740590652a9100,TrnsShft=4.0
1650198284,553,71d67e1c14b800,VehSpd=41.4375
1650198284,35,8b1a8e56ff9c400c,SteeringAng=-3.125
1650198284,16,f71a3219008880,BrkPed=0.392157
1650198284,23,27566487117c22f0,WheelVelR=4.472. WheelVelL=4.476
1650198284,36,dc05d6f8008ff654,LatAcc=0.125. LongAcc=-0.3125
1650198284,37,2ec8d9b8ff78a0,YawRate=-0.408
1650198284,608,0cb9400000200000,ThrPstn=0.392157
1650198284,49,e27f41e62a9500,TrnsShft=4.0
1650198284,35,f94f2537ff9c4009,SteeringAng=-3.125
1650198284,16,28fa11ba008882,BrkPed=0.392157
1650198284,23,edf5dde8117c2301,WheelVelR=4.48. WheelVelL=4.476
1650198284,36,e26b9f9900cff858,LatAcc=0.1875. LongAcc=-0.25
1650198284,37,3b47e1b9ff78c0,YawRate=-0.408
1650198284,49,b0ae18672a9900,TrnsShft=4.0
1650198284,35,977b4258ff9e4002,SteeringAng=-3.0625
1650198284,16,2283967b008884,BrkPed=0.392157
1650198284,23,a9c384e9117c22fa,WheelVelR=4.476. WheelVelL=4.476
1650198284,36,87020cba008ff85c,LatAcc=0.125. LongAcc=-0.25
1650198284,37,90b1d1daff70e0,YawRate=-0.432
1650198284,35,f4e05b99ff9e4007,SteeringAng=-3.0625
1650198284,49,21e9b4682a9d00,TrnsShft=4.0
1650198284,16,db4890dc008886,BrkPed=0.392157
1650198284,23,9835458a117c22fb,WheelVelR=4.476. WheelVelL=4.476
1650198284,36,ec1aad5b004ffa50,LatAcc=0.0625. LongAcc=-0.1875
1650198284,37,e43100dbff6880,YawRate=-0.456
1650198284,35,8b15e9faff9e5ffc,SteeringAng=-3.0625
1650198284,16,308e149d008880,BrkPed=0.392157
1650198284,23,3a8ec4eb117822f8,WheelVelR=4.476. WheelVelL=4.472
1650198284,36,442c1ddc008ffa54,LatAcc=0.125. LongAcc=-0.1875
1650198284,37,0b1df39cff70a0,YawRate=-0.432
1650198284,49,af8838092a9100,TrnsShft=4.0
1650198284,35,a91e375bff9e5ffd,SteeringAng=-3.0625
1650198284,16,520cd39e008882,BrkPed=0.392157
1650198284,23,edd92dcc11782301,WheelVelR=4.48. WheelVelL=4.472
1650198284,36,7f0b0afd010ffa58,LatAcc=0.25. LongAcc=-0.1875
1650198284,37,0a37097dff88c0,YawRate=-0.36
1650198284,49,e0a99faa2a9500,TrnsShft=4.0
1650198284,35,a8628a1cff9e5ffe,SteeringAng=-3.0625
1650198284,16,1a726bbf008884,BrkPed=0.392157
1650198284,23,db0fb60d117022f2,WheelVelR=4.472. WheelVelL=4.464
1650198284,36,76cbad1e014ffa5c,LatAcc=0.3125. LongAcc=-0.1875
1650198284,37,6b87577eff90e0,YawRate=-0.336
1650198284,49,06ffb80b2a9900,TrnsShft=4.0
1650198284,35,648caa5dff9e5ffb,SteeringAng=-3.0625
1650198284,16,0214bda1008886,BrkPed=0.392157
1650198284,23,826cfcae117022f3,WheelVelR=4.472. WheelVelL=4.464
1650198284,36,a6f872df010ffa50,LatAcc=0.25. LongAcc=-0.1875
1650198284,37,2c254affff8880,YawRate=-0.36
1650198284,35,4a5fabfeff9e5ff8,SteeringAng=-3.0625
1650198284,49,658834ad2a9d00,TrnsShft=4.0
1650198284,16,c9c32d42008880,BrkPed=0.392157
1650198284,23,f71aef2f117c22f0,WheelVelR=4.472. WheelVelL=4.476
1650198284,36,0476964000cff854,LatAcc=0.1875. LongAcc=-0.25
1650198284,37,294c1cc0ff70a0,YawRate=-0.432
1650198284,35,2f70233fff9e5ff9,SteeringAng=-3.0625
1650198284,16,69471c63008882,BrkPed=0.392157
1650198284,36,38106de2008ff858,LatAcc=0.125. LongAcc=-0.25
1650198284,23,77fbcaf0117422f9,WheelVelR=4.476. WheelVelL=4.468
1650198284,37,e81fcb42ff50c0,YawRate=-0.528
1650198284,49,08011c6e2a9100,TrnsShft=4.0
1650198284,553,baa8e85d14b602,VehSpd=41.421875
1650198284,35,95ef5ee0ff9e5ffe,SteeringAng=-3.0625
1650198284,16,18d79aa4008884,BrkPed=0.392157
1650198284,23,0a292511117c22fa,WheelVelR=4.476. WheelVelL=4.476
1650198284,36,f42e1623008ff85c,LatAcc=0.125. LongAcc=-0.25
1650198284,37,4f42b543ff48e0,YawRate=-0.552
1650198284,608,0cb8100000200000,ThrPstn=0.392157
1650198284,49,8702ce2f2a9500,TrnsShft=4.0
1650198284,35,f4c2b5e1ff9e4003,SteeringAng=-3.0625
1650198284,16,4b4937c5008886,BrkPed=0.392157
1650198284,23,3b13d5721178230b,WheelVelR=4.484. WheelVelL=4.472
1650198284,36,720221e400cff850,LatAcc=0.1875. LongAcc=-0.25
1650198284,37,719a6464ff5080,YawRate=-0.528
1650198284,49,2b61e0702a9900,TrnsShft=4.0
1650198284,35,5d6cbc22ff9e5ffc,SteeringAng=-3.0625
1650198284,16,4eb900e6008880,BrkPed=0.392157
1650198284,23,36f160b311782300,WheelVelR=4.48. WheelVelL=4.472
1650198284,36,65a41f4500cff854,LatAcc=0.1875. LongAcc=-0.25
1650198284,37,10848305ff68a0,YawRate=-0.456
1650198284,35,2d3641e3ff9e5ffd,SteeringAng=-3.0625
1650198284,49,6e43b0112a9d00,TrnsShft=4.0
1650198284,16,11d512e7008882,BrkPed=0.392157
1650198284,23,3f5bc134117c22e9,WheelVelR=4.468. WheelVelL=4.476
1650198284,36,e8c69566008ffa58,LatAcc=0.125. LongAcc=-0.1875
1650198284,37,53057926ff78c0,YawRate=-0.408
1650198284,35,1e83d504ff9e5ffe,SteeringAng=-3.0625
1650198284,16,db799aa8008884,BrkPed=0.392157
1650198284,23,b4eb83f5117422fa,WheelVelR=4.476. WheelVelL=4.468
1650198284,36,d63ea167008ffa5c,LatAcc=0.125. LongAcc=-0.1875
1650198284,37,35901e87ff70e0,YawRate=-0.432
1650198284,49,47cc04b22a9100,TrnsShft=4.0
1650198284,35,9ed7d025ff9e4007,SteeringAng=-3.0625
1650198284,16,3ad4fec9008886,BrkPed=0.392157
1650198284,23,6552caf6117c22f3,WheelVelR=4.472. WheelVelL=4.476
1650198284,36,bdc9cf28008ffa50,LatAcc=0.125. LongAcc=-0.1875
1650198284,37,4822ec48ff5880,YawRate=-0.504
1650198284,49,5e58f2932a9500,TrnsShft=4.0
1650198284,35,425d6887ff9e4008,SteeringAng=-3.0625
1650198284,16,395c30ea008880,BrkPed=0.392157
1650198284,23,c1716d5811802300,WheelVelR=4.48. WheelVelL=4.48
1650198284,36,f626ea49004ff854,LatAcc=0.0625. LongAcc=-0.25
1650198284,37,b1986a09ff48a0,YawRate=-0.552
1650198284,49,e3476ef42a9900,TrnsShft=4.0
1650198284,554,6dd8647014b680,VSANDP_VehSpdAvgNDrvnAuth=41.421875
1650198284,35,e6ab9e88ff9e4009,SteeringAng=-3.0625
1650198284,16,828b804b008882,BrkPed=0.392157
1650198284,23,a027f739117c22f9,WheelVelR=4.476. WheelVelL=4.476
1650198284,36,a539ed8a004ff858,LatAcc=0.0625. LongAcc=-0.25
1650198284,37,2b21546aff48c0,YawRate=-0.552
1650198284,35,c4924329ff9e400a,SteeringAng=-3.0625
1650198284,49,faec85752a9d00,TrnsShft=4.0
1650198284,16,be6c708c008884,BrkPed=0.392157
1650198284,23,96fbb95a118c22f2,WheelVelR=4.472. WheelVelL=4.492
1650198284,36,487d7b8b000ff85c,LatAcc=0.0. LongAcc=-0.25
1650198284,37,e839c3ebff60e0,YawRate=-0.48
1650198284,35,03717fcaff9e4007,SteeringAng=-3.0625
1650198284,16,a0b0184d008886,BrkPed=0.392157
1650198284,23,8dfcbcdb118822eb,WheelVelR=4.468. WheelVelL=4.488
1650198284,36,74f0b92c000ff850,LatAcc=0.0. LongAcc=-0.25
1650198284,37,fa368fecff7080,YawRate=-0.432
1650198284,49,6b21a4962a9100,TrnsShft=4.0
1650198284,553,6ccd863e14be04,VehSpd=41.484375
1650198284,35,4f50cf0bffa04000,SteeringAng=-3.0
1650198284,16,cc09d70e008880,BrkPed=0.392157
1650198284,23,abd9885c118022e0,WheelVelR=4.464. WheelVelL=4.48
1650198284,36,8851882d000ffa54,LatAcc=0.0. LongAcc=-0.1875
1650198284,37,0f68d2edff70a0,YawRate=-0.432
1650198284,608,0cb8100000200000,ThrPstn=0.392157
1650198284,49,6a2ed2b72a9500,TrnsShft=4.0
1650198284,644,fea212fba080,SPMP_SysPwrModeAuth=4.0
1650198284,35,c78b530cffa04009,SteeringAng=-3.0
1650198284,16,e044a28f008882,BrkPed=0.392157
1650198284,23,202fcb3d118022f1,WheelVelR=4.472. WheelVelL=4.48
1650198284,36,e7d1bfce000ffc58,LatAcc=0.0. LongAcc=-0.125
1650198284,37,d001fd4eff68c0,YawRate=-0.456
1650198284,49,75537fb82a9900,TrnsShft=4.0
1650198284,35,94ead7adffa04006,SteeringAng=-3.0
1650198284,16,bdbc4110008884,BrkPed=0.392157
1650198284,23,ad37d95e117c22f2,WheelVelR=4.472. WheelVelL=4.476
1650198284,36,d0dff9cf000ffc5c,LatAcc=0.0. LongAcc=-0.125
1650198284,37,98a13aefff60e0,YawRate=-0.48
1650198284,35,7db90c8effa0400b,SteeringAng=-3.0
1650198284,49,8cbdd2992a9d00,TrnsShft=4.0
1650198284,16,7c29cc12008886,BrkPed=0.392157
1650198284,23,f14b55ff118022eb,WheelVelR=4.468. WheelVelL=4.48
1650198284,36,c578a4f0000ffa50,LatAcc=0.0. LongAcc=-0.1875
1650198284,37,4ba8c230ff6880,YawRate=-0.456
1650198284,35,6334174fffa04008,SteeringAng=-3.0
1650198284,16,da040753008880,BrkPed=0.392157
1650198284,23,c0784840117c22f0,WheelVelR=4.472. WheelVelL=4.476
1650198284,36,5161bd11008ff654,LatAcc=0.125. LongAcc=-0.3125
1650198284,37,04effcd1ff70a0,YawRate=-0.432
1650198284,49,191b7b3a2a9100,TrnsShft=4.0
1650198284,35,4a3b5690ffa44001,SteeringAng=-2.875
1650198284,16,8d370014008882,BrkPed=0.392157
1650198284,23,da1b904111842301,WheelVelR=4.48. WheelVelL=4.484
1650198284,36,acb44753008ff258,LatAcc=0.125. LongAcc=-0.4375
1650198284,37,9b015b53ff78c0,YawRate=-0.408
1650198284,49,e64b1fbb2a9500,TrnsShft=4.0
1650198284,35,51620a51ffa6400e,SteeringAng=-2.8125
1650198284,16,ee975c95008884,BrkPed=0.392157
1650198284,23,b0599a8211802302,WheelVelR=4.48. WheelVelL=4.48
1650198284,36,794a1d14008ff05c,LatAcc=0.125. LongAcc=-0.5
1650198284,37,41d4efb4ff80e0,YawRate=-0.384
1650198284,49,9bc70d3c2a9900,TrnsShft=4.0
1650198284,35,7e495012ffa4400b,SteeringAng=-2.875
1650198284,16,95be29b6008886,BrkPed=0.392157
1650198284,36,366e2cf5004ff650,LatAcc=0.0625. LongAcc=-0.3125
1650198284,23,ffef03e3117022e3,WheelVelR=4.464. WheelVelL=4.464
1650198284,37,b9967975ff8080,YawRate=-0.384
1650198284,35,b89127f3ffa65ffc,SteeringAng=-2.8125
1650198284,49,60cd64de2a9d00,TrnsShft=4.0
1650198284,16,4.74E+13,BrkPed=0.392157
1650198284,23,085c506411802300,WheelVelR=4.48. WheelVelL=4.48
1650198284,36,8ef8e156000ffc54,LatAcc=0.0. LongAcc=-0.125
1650198284,37,9faae8b6ff70a0,YawRate=-0.432
1650198284,35,59288734ffa8400d,SteeringAng=-2.75
1650198284,16,63834f78008882,BrkPed=0.392157
1650198284,36,67849eb7004ffc58,LatAcc=0.0625. LongAcc=-0.125
1650198284,23,20fa21c511802311,WheelVelR=4.488. WheelVelL=4.48
1650198284,37,108ccc57ff50c0,YawRate=-0.528
1650198284,49,b363a65f2a9100,TrnsShft=4.0
1650198284,553,200ea07f14b806,VehSpd=41.4375
1650198284,35,35682a35ffa8400e,SteeringAng=-2.75
1650198284,16,58cc9199008884,BrkPed=0.392157
1650198284,23,561489261178230a,WheelVelR=4.484. WheelVelL=4.472
1650198284,36,eae3903800cff85c,LatAcc=0.1875. LongAcc=-0.25
1650198284,37,bfa45e78ff48e0,YawRate=-0.552
1650198284,608,0cb8100000200000,ThrPstn=0.392157
1650198284,49,579226602a9500,TrnsShft=4.0
1650198284,35,5c3399b6ffa84003,SteeringAng=-2.75
1650198284,16,9bb4cf1a008886,BrkPed=0.392157
1650198284,23,819d672711782303,WheelVelR=4.48. WheelVelL=4.472
1650198284,36,9d5d2fb9014ff450,LatAcc=0.3125. LongAcc=-0.375
1650198284,37,cf32ac39ff6080,YawRate=-0.48
1650198284,49,7adec2212a9900,TrnsShft=4.0
1650198284,35,c58e1bf8ffa84000,SteeringAng=-2.75
1650198284,16,466a313b008880,BrkPed=0.392157
1650198284,23,cc0ca429117c2300,WheelVelR=4.48. WheelVelL=4.476
1650198284,36,6d5a299a018ff454,LatAcc=0.375. LongAcc=-0.375
1650198284,37,fbff2efaff90a0,YawRate=-0.336
1650198284,35,b3182459ffa64001,SteeringAng=-2.8125
1650198284,49,6ec5f2022a9d00,TrnsShft=4.0
1650198284,16,4d123d5c008882,BrkPed=0.392157
1650198284,23,a3ce922a11882301,WheelVelR=4.48. WheelVelL=4.488
1650198284,36,4e73c4fb010ff858,LatAcc=0.25. LongAcc=-0.25
1650198284,37,6ff358bbffa8c0,YawRate=-0.264
1650198284,35,feaa293affa65ffa,SteeringAng=-2.8125
1650198284,16,809df51d008884,BrkPed=0.392157
1650198284,23,fa00222b1188231a,WheelVelR=4.492. WheelVelL=4.488
1650198284,36,4be0fbfc0088005c,LatAcc=0.125. LongAcc=0.0
1650198284,37,049ba41cff90e0,YawRate=-0.336
1650198284,49,cbd866032a9100,TrnsShft=4.0
1650198284,35,9d07b7bbffa85fff,SteeringAng=-2.75
1650198284,16,aa18d0be008886,BrkPed=0.392157
1650198284,23,e3b9030c11842313,WheelVelR=4.488. WheelVelL=4.484
1650198284,36,14b9d11d00080250,LatAcc=0.0. LongAcc=0.0625
1650198284,37,d98a975dff6080,YawRate=-0.48
1650198284,49,bcbd41642a9500,TrnsShft=4.0
1650198284,35,f258a5bcffa84000,SteeringAng=-2.75
1650198284,16,44e1dc7f008880,BrkPed=0.392157
1650198284,23,9077502d11802318,WheelVelR=4.492. WheelVelL=4.48
1650198284,36,b58ec13e00480054,LatAcc=0.0625. LongAcc=0.0
1650198284,37,2fb5ff3eff38a0,YawRate=-0.6
1650198284,49,eee3a7052a9900,TrnsShft=4.0
1650198284,35,b676eb7dffa85ffd,SteeringAng=-2.75
1650198284,16,8630d820008882,BrkPed=0.392157
1650198284,36,4319ecbf008ffa58,LatAcc=0.125. LongAcc=-0.1875
1650198284,23,7730dace117c2309,WheelVelR=4.484. WheelVelL=4.476
1650198284,37,27b2da9fff48c0,YawRate=-0.552
1650198284,35,d227041effa84002,SteeringAng=-2.75
1650198284,16,1338ff41008884,BrkPed=0.392157
1650198284,49,2cc460862a9d00,TrnsShft=4.0
1650198284,23,1f290c4f118822f2,WheelVelR=4.472. WheelVelL=4.488
1650198284,36,77780920010ff25c,LatAcc=0.25. LongAcc=-0.4375
1650198284,37,84704560ff78e0,YawRate=-0.408
1650198284,35,2688849fffa84003,SteeringAng=-2.75
1650198284,16,d21928c3008886,BrkPed=0.392157
1650198284,23,de19365011882303,WheelVelR=4.48. WheelVelL=4.488
1650198284,36,49c7f0c1010ff050,LatAcc=0.25. LongAcc=-0.5
1650198284,37,9cdb8b01ffa080,YawRate=-0.288
1650198284,49,14c376472a9100,TrnsShft=4.0
1650198284,553,b7c23e8014be00,VehSpd=41.484375
1650198284,35,7953b6a0ffa84008,SteeringAng=-2.75
1650198284,16,88fb92e4008880,BrkPed=0.392157
1650198284,23,74bab05111842310,WheelVelR=4.488. WheelVelL=4.484
1650198284,36,ad2e1702004ff454,LatAcc=0.0625. LongAcc=-0.375
1650198284,37,84ff3342ffa0a0,YawRate=-0.288
1650198284,608,0cb8100000200000,ThrPstn=0.392157
1650198284,49,cd95da282a9500,TrnsShft=4.0
1650198284,35,6f9e2e81ffa84009,SteeringAng=-2.75
1650198284,16,87bb7f65008882,BrkPed=0.392157
1650198284,23,0b1f09b211882301,WheelVelR=4.48. WheelVelL=4.488
1650198284,36,2fef09a4000ff858,LatAcc=0.0. LongAcc=-0.25
1650198284,37,59f520a4ff70c0,YawRate=-0.432
1650198284,49,badeae492a9900,TrnsShft=4.0
1650198284,35,71429762ffaa4002,SteeringAng=-2.6875
1650198284,554,ebd5937114ccc0,VSANDP_VehSpdAvgNDrvnAuth=41.593754
1650198284,16,9e8d2ba6008884,BrkPed=0.392157
1650198284,23,283a6573117422e2,WheelVelR=4.464. WheelVelL=4.468
1650198284,36,d765f865ffc8005c,LatAcc=-0.0625. LongAcc=0.0
1650198284,37,626ea625ff40e0,YawRate=-0.576
1650198284,35,5ce73323ffaa4003,SteeringAng=-2.6875
1650198284,49,b9ab072a2a9d00,TrnsShft=4.0
1650198284,16,d3542f47008886,BrkPed=0.392157
1650198284,23,a3e54754118822eb,WheelVelR=4.468. WheelVelL=4.488
1650198284,36,195d59c600080050,LatAcc=0.0. LongAcc=0.0
1650198284,37,ee62b066ff3880,YawRate=-0.6
1650198284,35,21a37fc4ffac400c,SteeringAng=-2.625
1650198284,16,d59fde88008880,BrkPed=0.392157
1650198284,23,d118a275118022f0,WheelVelR=4.472. WheelVelL=4.48
1650198284,36,2ed2c74700480054,LatAcc=0.0625. LongAcc=0.0
1650198284,37,2dcc7d47ff48a0,YawRate=-0.552
1650198284,49,28eaf9eb2a9100,TrnsShft=4.0
1650198284,35,88010025ffac400d,SteeringAng=-2.625
1650198284,16,4ed79409008882,BrkPed=0.392157
1650198284,23,c8ba00f6118822e9,WheelVelR=4.468. WheelVelL=4.488
1650198284,36,76f09a28008ffc58,LatAcc=0.125. LongAcc=-0.125
1650198284,37,04ee5128ff70c0,YawRate=-0.432
1650198284,49,0a7a2a6c2a9500,TrnsShft=4.0
1650198284,644,fadd989ca170,SPMP_SysPwrModeAuth=4.0
1650198284,35,c017fc06ffac4002,SteeringAng=-2.625
1650198284,16,557eaaea008884,BrkPed=0.392157
1650198284,23,b5f11f77118422f2,WheelVelR=4.472. WheelVelL=4.484
1650198284,36,d58921a9008ff65c,LatAcc=0.125. LongAcc=-0.3125
1650198284,37,ab3d9ec9ff88e0,YawRate=-0.36
1650198284,49,54ffd9ad2a9900,TrnsShft=4.0
1650198284,35,f6ff8bc7ffac4003,SteeringAng=-2.625
1650198284,16,5241524b008886,BrkPed=0.392157
1650198284,23,355abd58117822eb,WheelVelR=4.468. WheelVelL=4.472
1650198284,36,47daf22a000ff250,LatAcc=0.0. LongAcc=-0.4375
1650198284,37,fb410baaff8880,YawRate=-0.36
1650198284,35,f5444d29ffac4000,SteeringAng=-2.625
1650198284,49,3c8b10cf2a9d00,TrnsShft=4.0
1650198284,16,a81d8a8c008880,BrkPed=0.392157
1650198284,23,a9e5e6da118022f8,WheelVelR=4.476. WheelVelL=4.48
1650198284,36,9af4db4bff8ff454,LatAcc=-0.125. LongAcc=-0.375
1650198284,37,d4e02b0bff80a0,YawRate=-0.384
1650198284,35,62c66b4affac4009,SteeringAng=-2.625
1650198284,16,7095c96d008882,BrkPed=0.392157
1650198284,36,a703cdccff8ff658,LatAcc=-0.125. LongAcc=-0.3125
1650198284,23,d488a6db11702309,WheelVelR=4.484. WheelVelL=4.464
1650198284,37,f42f550cff80c0,YawRate=-0.384
1650198284,49,915b9eb02a9100,TrnsShft=4.0
1650198284,553,27615e0214c002,VehSpd=41.5
1650198284,35,b834186bffac4006,SteeringAng=-2.625
1650198284,16,28c3900e008884,BrkPed=0.392157
1650198284,23,8195da1c114822ca,WheelVelR=4.452. WheelVelL=4.424
1650198284,36,23027acd000ffc5c,LatAcc=0.0. LongAcc=-0.125
1650198284,37,da1f31edff90e0,YawRate=-0.336
1650198284,608,0cb8100000200000,ThrPstn=0.392157
1650198284,49,df8b28d12a9500,TrnsShft=4.0
1650198284,35,3cd6042cffae4007,SteeringAng=-2.5625
1650198284,16,0c210b8f008886,BrkPed=0.392157
1650198284,23,f77a657d116022b3,WheelVelR=4.44. WheelVelL=4.448
1650198284,36,623ce7ce004ffe50,LatAcc=0.0625. LongAcc=-0.0625
1650198284,37,0b423aceffa880,YawRate=-0.264
1650198284,49,197b84d22a9900,TrnsShft=4.0
1650198284,35,4230ee2dffb04000,SteeringAng=-2.5
1650198284,16,3230f990008880,BrkPed=0.392157
1650198284,36,2dac420f00cffa54,LatAcc=0.1875. LongAcc=-0.1875
1650198284,23,b71ff81e114022c0,WheelVelR=4.448. WheelVelL=4.416
1650198284,37,e91e3a0fffb8a0,YawRate=-0.216
1650198284,35,c853a6aeffae4001,SteeringAng=-2.5625
1650198284,49,ab8770d32a9d00,TrnsShft=4.0
1650198284,16,263e9591008882,BrkPed=0.392157
1650198284,36,e303647000cff458,LatAcc=0.1875. LongAcc=-0.375
1650198284,23,85fd083f11302261,WheelVelR=4.4. WheelVelL=4.4
1650198284,37,64ec6570ffc0c0,YawRate=-0.192
1650198284,35,4e4575afffae5ffe,SteeringAng=-2.5625
1650198284,16,e8633cf2008884,BrkPed=0.392157
1650198284,36,1facf8d1008ff25c,LatAcc=0.125. LongAcc=-0.4375
1650198284,23,0e9d8ec01164229a,WheelVelR=4.428. WheelVelL=4.452
1650198284,37,99950991ffb8e0,YawRate=-0.216
1650198284,49,b6a591b42a9100,TrnsShft=4.0
1650198284,35,870daa50ffae4003,SteeringAng=-2.5625
1650198284,16,a7a08094008886,BrkPed=0.392157
1650198284,23,1a6c1a21117022cb,WheelVelR=4.452. WheelVelL=4.464
1650198284,36,9e001a72000ff250,LatAcc=0.0. LongAcc=-0.4375
1650198284,37,24ed6752ffb080,YawRate=-0.24
1650198284,49,436242552a9500,TrnsShft=4.0
1650198284,35,3ce66691ffae5ffc,SteeringAng=-2.5625
1650198284,16,649ba0f5008880,BrkPed=0.392157
1650198284,23,f17f8c82117822f8,WheelVelR=4.476. WheelVelL=4.472
1650198284,36,9e9b11d3000ff254,LatAcc=0.0. LongAcc=-0.4375
1650198284,37,aabc4dd3ffa0a0,YawRate=-0.288
1650198284,49,f8d5fb362a9900,TrnsShft=4.0
1650198284,35,ec350412ffae5ffd,SteeringAng=-2.5625
1650198284,16,940b1ed6008882,BrkPed=0.392157
1650198284,36,1221aeb5000ff858,LatAcc=0.0. LongAcc=-0.25
1650198284,23,7e17da0311982319,WheelVelR=4.492. WheelVelL=4.504
1650198284,37,41f3cf75ff90c0,YawRate=-0.336
1650198284,35,307ff413ffb05ffe,SteeringAng=-2.5
1650198284,49,80def3772a9d00,TrnsShft=4.0
1650198284,16,5081c737008884,BrkPed=0.392157
1650198284,23,3dbacae411902332,WheelVelR=4.504. WheelVelL=4.496
1650198284,36,fc29f816004ffe5c,LatAcc=0.0625. LongAcc=-0.0625
1650198284,37,7f119296ff90e0,YawRate=-0.336
1650198284,35,db663eb4ffb04003,SteeringAng=-2.5
1650198284,16,b91391d8008886,BrkPed=0.392157
1650198284,23,c5437dc51180232b,WheelVelR=4.5. WheelVelL=4.48
1650198284,36,1d98371700cffe50,LatAcc=0.1875. LongAcc=-0.0625
1650198284,37,65237ad7ffa080,YawRate=-0.288
1650198284,49,1bd32f382a9100,TrnsShft=4.0
1650198284,553,117a792314aa04,VehSpd=41.328125
1650198284,35,53567535ffb04000,SteeringAng=-2.5
1650198284,16,59fb1e59008880,BrkPed=0.392157
1650198284,23,5db7e92611782318,WheelVelR=4.492. WheelVelL=4.472
1650198284,36,d5ced558010ffc54,LatAcc=0.25. LongAcc=-0.125
1650198284,37,abf470b8ffa0a0,YawRate=-0.288
1650198284,608,0cb8100000200000,ThrPstn=0.392157
1650198284,49,e07952392a9500,TrnsShft=4.0
1650198284,35,baf42996ffb05ffd,SteeringAng=-2.5
1650198284,16,83e401fa008882,BrkPed=0.392157
1650198284,23,51b15767116022e1,WheelVelR=4.464. WheelVelL=4.448
1650198284,36,52d31cf9014ffa58,LatAcc=0.3125. LongAcc=-0.1875
1650198284,37,fd4306b9ffa8c0,YawRate=-0.264
1650198284,49,8909335a2a9900,TrnsShft=4.0
1650198284,35,25f038b7ffae4002,SteeringAng=-2.5625
1650198284,16,d9bca59b008884,BrkPed=0.392157
1650198284,36,b7297eda010ff65c,LatAcc=0.25. LongAcc=-0.3125
1650198284,23,47744808116022ca,WheelVelR=4.452. WheelVelL=4.448
1650198284,37,c187b95affa0e0,YawRate=-0.288
1650198284,35,34ac9a98ffae5fff,SteeringAng=-2.5625
1650198284,49,d3e3d3bb2a9d00,TrnsShft=4.0
1650198284,16,09b1b19c008886,BrkPed=0.392157
1650198284,23,59bd1129117422cb,WheelVelR=4.452. WheelVelL=4.468
1650198284,36,2890a35b004ff450,LatAcc=0.0625. LongAcc=-0.375
1650198284,37,c7268c3bff9880,YawRate=-0.312
1650198284,35,48f6335affb05ff4,SteeringAng=-2.5
1650198284,16,f0f484dd008880,BrkPed=0.392157
1650198284,23,654caaeb117c22d0,WheelVelR=4.456. WheelVelL=4.476
1650198284,36,f0d9647c000ff654,LatAcc=0.0. LongAcc=-0.3125
1650198284,37,bb75f73cff90a0,YawRate=-0.336
1650198284,49,d1434c7c2a9100,TrnsShft=4.0
1650198284,35,c829a25bffb05ffd,SteeringAng=-2.5
1650198284,16,4243083e008882,BrkPed=0.392157
1650198284,23,6ed901cc117822f1,WheelVelR=4.472. WheelVelL=4.472
1650198284,36,188f28fd000ffa58,LatAcc=0.0. LongAcc=-0.1875
1650198284,37,afdb5c9dff98c0,YawRate=-0.312
1650198284,49,d848179d2a9500,TrnsShft=4.0
1650198284,35,04260efcffb0400a,SteeringAng=-2.5
1650198284,16,4e28c29f008884,BrkPed=0.392157
1650198284,23,adb21f2d11782312,WheelVelR=4.488. WheelVelL=4.472
1650198284,36,fb0c973e0088005c,LatAcc=0.125. LongAcc=0.0
1650198284,37,c2554a3effa0e0,YawRate=-0.288
1650198284,49,f6978d5e2a9900,TrnsShft=4.0
1650198284,554,9324e232149c00,VSANDP_VehSpdAvgNDrvnAuth=41.218754
1650198284,35,12e29e5dffb0400b,SteeringAng=-2.5
1650198284,16,d5a6dce0008886,BrkPed=0.392157
1650198284,23,6f3a67ae11742313,WheelVelR=4.488. WheelVelL=4.468
1650198284,36,927616df01080050,LatAcc=0.25. LongAcc=0.0
1650198284,37,1194ce7fffa880,YawRate=-0.264
1650198284,35,d3124a3effb04008,SteeringAng=-2.5
1650198284,49,fa0601e02a9d00,TrnsShft=4.0
1650198284,16,0fb48be1008880,BrkPed=0.392157
1650198284,23,b904518f11702310,WheelVelR=4.488. WheelVelL=4.464
1650198284,36,446f2f8000cffc54,LatAcc=0.1875. LongAcc=-0.125
1650198284,37,5cf62ec0ffa8a0,YawRate=-0.264
1650198284,35,6cd4937fffb04001,SteeringAng=-2.5
1650198284,16,80067ac2008882,BrkPed=0.392157
1650198284,36,fbe39c81008ff858,LatAcc=0.125. LongAcc=-0.25
1650198284,23,885a11b0117422e9,WheelVelR=4.468. WheelVelL=4.468
1650198284,37,405b25e1ffa8c0,YawRate=-0.264
1650198284,49,0c46e6c12a9100,TrnsShft=4.0
1650198284,553,f1c9ef04149e06,VehSpd=41.234375
1650198285,35,dcef5e60ffae5ffe,SteeringAng=-2.5625
1650198285,16,f5b49da3008884,BrkPed=0.392157
1650198285,23,e78e6e71117c22ca,WheelVelR=4.452. WheelVelL=4.476
1650198285,36,1afce202004ff65c,LatAcc=0.0625. LongAcc=-0.3125
1650198285,37,7bca20a2ffa8e0,YawRate=-0.264
1650198285,608,0cb8100000200000,ThrPstn=0.392157
1650198285,49,ee5130022a9500,TrnsShft=4.0
1650198285,644,037a5a5da260,SPMP_SysPwrModeAuth=4.0
1650198285,35,30fb5741ffb05fff,SteeringAng=-2.5
1650198285,16,e7f4d6a5008886,BrkPed=0.392157
1650198285,23,09665292117022cb,WheelVelR=4.452. WheelVelL=4.464
1650198285,36,23627363000ff650,LatAcc=0.0. LongAcc=-0.3125
1650198285,37,ea608ea3ffb880,YawRate=-0.216
1650198285,49,49f427032a9900,TrnsShft=4.0
1650198285,35,e80e7262ffb05ff0,SteeringAng=-2.5
1650198285,16,509b8e46008880,BrkPed=0.392157
1650198285,23,1486b733117422d0,WheelVelR=4.456. WheelVelL=4.468
1650198285,36,b7668e44000ff854,LatAcc=0.0. LongAcc=-0.25
1650198285,37,46b64864ffd0a0,YawRate=-0.144
1650198285,35,d31a8203ffb05fe9,SteeringAng=-2.5
1650198285,49,ffbc42c42a9d00,TrnsShft=4.0
1650198285,16,5af8abc7008882,BrkPed=0.392157
1650198285,36,3c8dbf66000ffa58,LatAcc=0.0. LongAcc=-0.1875
1650198285,23,c9cdc8f4117022e9,WheelVelR=4.468. WheelVelL=4.464
1650198285,37,bf3bd2e6ffd0c0,YawRate=-0.144
1650198285,35,efbb97c4ffb05ff6,SteeringAng=-2.5
1650198285,16,096d9468008884,BrkPed=0.392157
1650198285,23,d540bdd5116c22ea,WheelVelR=4.468. WheelVelL=4.46
1650198285,36,aff22827000ffc5c,LatAcc=0.0. LongAcc=-0.125
1650198285,37,5f822b47ffc0e0,YawRate=-0.192
1650198285,49,0a1165c52a9100,TrnsShft=4.0
1650198285,35,00e4faa5ffae400b,SteeringAng=-2.5625
1650198285,16,6bebc289008886,BrkPed=0.392157
1650198285,23,25afff56117022cb,WheelVelR=4.452. WheelVelL=4.464
1650198285,36,b65a9b68000ffc50,LatAcc=0.0. LongAcc=-0.125
1650198285,37,61a7e328ff9880,YawRate=-0.312
1650198285,49,6024f2862a9500,TrnsShft=4.0
1650198285,35,117d9406ffae4018,SteeringAng=-2.5625
1650198285,16,861dfc6a008880,BrkPed=0.392157
1650198285,23,3cbc1f97116c22d8,WheelVelR=4.46. WheelVelL=4.46
1650198285,36,81b0a169000ffc54,LatAcc=0.0. LongAcc=-0.125
1650198285,37,51ee1489ff78a0,YawRate=-0.408
1650198285,49,1a24e5c72a9900,TrnsShft=4.0
1650198285,35,386d3fe7ffae401d,SteeringAng=-2.5625
1650198285,16,7f3351eb008882,BrkPed=0.392157
1650198285,23,8ee46098117422d1,WheelVelR=4.456. WheelVelL=4.468
1650198285,36,62c2c36a000ffa58,LatAcc=0.0. LongAcc=-0.1875
1650198285,37,941052eaff70c0,YawRate=-0.432
1650198285,35,46504a48ffae401e,SteeringAng=-2.5625
1650198285,49,9837a3a82a9d00,TrnsShft=4.0
1650198285,16,d496d48c008884,BrkPed=0.392157
1650198285,36,751daa6b000ff85c,LatAcc=0.0. LongAcc=-0.25
1650198285,23,93afc459117422e2,WheelVelR=4.464. WheelVelL=4.468
1650198285,37,84cc35cbff80e0,YawRate=-0.384
1650198285,35,7d7c6f29ffae400b,SteeringAng=-2.5625
1650198285,16,d932478d008886,BrkPed=0.392157
1650198285,36,5a776e6c004ff650,LatAcc=0.0625. LongAcc=-0.3125
1650198285,23,03756cda11742303,WheelVelR=4.48. WheelVelL=4.468
1650198285,37,8ed2b06cff9080,YawRate=-0.336
1650198285,49,ff311e492a9100,TrnsShft=4.0
1650198285,553,2b431a0514a200,VehSpd=41.265625
1650198285,35,7eb2b54bffb04000,SteeringAng=-2.5
1650198285,16,2e6044ce008880,BrkPed=0.392157
1650198285,23,c6c5f83c117422e8,WheelVelR=4.468. WheelVelL=4.468
1650198285,36,4863fd2d008ff654,LatAcc=0.125. LongAcc=-0.3125
1650198285,37,9f78ab4dffa0a0,YawRate=-0.288
1650198285,608,0cb8100000200000,ThrPstn=0.392157
1650198285,49,35cdadea2a9500,TrnsShft=4.0
1650198285,35,ac2737acffb05ffd,SteeringAng=-2.5
1650198285,16,4c0831cf008882,BrkPed=0.392157
1650198285,23,6219651d11682301,WheelVelR=4.48. WheelVelL=4.456
1650198285,36,a854f2ae00cffa58,LatAcc=0.1875. LongAcc=-0.1875
1650198285,37,b31c328effa8c0,YawRate=-0.264
1650198285,49,b951720b2a9900,TrnsShft=4.0
1650198285,35,0d692bcdffb44006,SteeringAng=-2.375
1650198285,16,4b714f90008884,BrkPed=0.392157
1650198285,23,6ac8e77e116822ea,WheelVelR=4.468. WheelVelL=4.456
1650198285,36,21347a0f00cffc5c,LatAcc=0.1875. LongAcc=-0.125
1650198285,37,2f24998fffa0e0,YawRate=-0.288
1650198285,35,0f505a6effb24003,SteeringAng=-2.4375
1650198285,49,434290cc2a9d00,TrnsShft=4.0
1650198285,16,8e08df51008886,BrkPed=0.392157
1650198285,23,714d089f116c22cb,WheelVelR=4.452. WheelVelL=4.46
1650198285,36,35cf8b70010ffc50,LatAcc=0.25. LongAcc=-0.125
1650198285,37,8bc7c8d0ff8880,YawRate=-0.36
1650198285,35,0009a0efffb44000,SteeringAng=-2.375
1650198285,16,5aca8932008880,BrkPed=0.392157
1650198285,23,ea1b4c60116822c8,WheelVelR=4.452. WheelVelL=4.456
1650198285,36,d24661d100cff854,LatAcc=0.1875. LongAcc=-0.25
1650198285,37,c5709b51ff78a0,YawRate=-0.408
1650198285,49,dd6a2e6d2a9100,TrnsShft=4.0
1650198285,35,b4e2b810ffb24005,SteeringAng=-2.4375
1650198285,16,c0f69173008882,BrkPed=0.392157
1650198285,23,71a380e111682299,WheelVelR=4.428. WheelVelL=4.456
1650198285,36,527362d2008ff658,LatAcc=0.125. LongAcc=-0.3125
1650198285,37,1ff58db2ff80c0,YawRate=-0.384
1650198285,49,21ad1e2e2a9500,TrnsShft=4.0
1650198285,35,f6ec9cb1ffb44002,SteeringAng=-2.375
1650198285,16,52a6b934008884,BrkPed=0.392157
1650198285,23,a602b8c21168229a,WheelVelR=4.428. WheelVelL=4.456
1650198285,36,e16d0673004ff65c,LatAcc=0.0625. LongAcc=-0.3125
1650198285,37,a7083713ff90e0,YawRate=-0.336
1650198285,49,6751b86f2a9900,TrnsShft=4.0
1650198285,35,0eb1f8d2ffb44003,SteeringAng=-2.375
1650198285,16,6253eb96008886,BrkPed=0.392157
1650198285,23,74fc3603116822c3,WheelVelR=4.448. WheelVelL=4.456
1650198285,36,11a3e394004ff650,LatAcc=0.0625. LongAcc=-0.3125
1650198285,37,84c83954ff9880,YawRate=-0.312
1650198285,35,b6fedcd3ffb45ffc,SteeringAng=-2.375
1650198285,49,ce82cd512a9d00,TrnsShft=4.0
1650198285,16,058d1bd7008880,BrkPed=0.392157
1650198285,23,d529a844117022d0,WheelVelR=4.456. WheelVelL=4.464
1650198285,36,0ec0ddb5008ff454,LatAcc=0.125. LongAcc=-0.375
1650198285,37,f4b93c35ff90a0,YawRate=-0.336
1650198285,35,b795a714ffb44001,SteeringAng=-2.375
1650198285,16,1fa4c9d8008882,BrkPed=0.392157
1650198285,36,f46599d700cff658,LatAcc=0.1875. LongAcc=-0.3125
1650198285,23,d69eea45116c22f1,WheelVelR=4.472. WheelVelL=4.46
1650198285,37,fb716877ff88c0,YawRate=-0.36
1650198285,49,b8d548922a9100,TrnsShft=4.0
1650198285,553,dda5e1c614b802,VehSpd=41.4375
1650198285,35,3a3bca75ffb44002,SteeringAng=-2.375
1650198285,16,28b33839008884,BrkPed=0.392157
